{
  "overall": 0.39473684210526316,
  "by_category": {
    "multi-hop": 0.5405405405405406,
    "open-domain": 0.15384615384615385,
    "single-hop": 0.125,
    "temporal": 0.4857142857142857
  },
  "n_queries": 152
}
