{
  "overall": 0.40131578947368424,
  "by_category": {
    "multi-hop": 0.5945945945945946,
    "open-domain": 0.23076923076923078,
    "single-hop": 0.0625,
    "temporal": 0.4857142857142857
  },
  "n_queries": 152
}
