{
  "arm_a": {
    "arm": "A",
    "wall_secs": 925.62948225,
    "n_memories": 456,
    "n_embeddings": 456,
    "distinct_content_hashes": 456
  },
  "arm_b": {
    "arm": "B",
    "wall_secs": 899.590410334,
    "n_memories": 455,
    "n_embeddings": 455,
    "distinct_content_hashes": 455
  },
  "a_only_content_hashes": [
    "090336b8b127e7c0161f8be140f6481b4a6f97043086dfc9442e83f069d4e34c",
    "0f037b3f3e56be4dbd1c4850c866fd287357451c875054cb0c6788e503934abf",
    "11041fef3dde05b18894db9236e4193456f1a8244ab6f3537d9c619c6d74a059",
    "14ae1a1717b66a213b16de4151f32afabce50ef5d693a686f9e7ff49d1a7ad0d",
    "15379462949efde25f2e3cb817ec314cf4c29ee9710af258ec39af21db8dfcf8",
    "193598d7d3041f33fb1127a5ab280b8da2bad68624e68d6968de34f24f4f78ba",
    "1baa2614430340aec03149e7536db2bd85889e643afa27b42a6914b9d1a52e89",
    "213a4c5b1555574a0e81feba08d7cb9036da0abec438ef67fa892a6ff982cc5d",
    "2cc77568652601ae12a7bc8511aa6504e7033d96c6ac0fbaeba41129bec12c46",
    "3319e95b3ee3d73351d43a8bfb24f30cdec8f426cad8e0a1ce079698753b4c60",
    "3cb326dbc5e0e4b99d0a3ea3e28cb23f4e49ffcf885d2315e5ff70bd275cce7f",
    "3e512ed796ffc801fe4aef5918419a912153a3f032f261e522fc1cee916075ff",
    "432fa3790ef7f51ad563623dd5fe4d3f5e14475270324481bd025231e903d0d8",
    "4877a9071eb8464239924dd66bf9acedf807f81e17a49b70ec05cf88fdac2126",
    "48816fbe15b73c669e37f142b415d4e14340675c080dd68c2cb100208b9d5ee7",
    "4ed7fd3f1be35772a7da76cf07a03a1901249218d36830e6f500f6d79f573b08",
    "4f778cce99827bfba5bfa72f31caf7d4490302ff0fd080763a0c9b9127ae11a4",
    "59655ac18ffb0ef0ef4fb84f0c2ebcd17a96a796bd7f17fbc5479976627fa67e",
    "6851411341d28fc25a453e764f0188f77a47adbb0446135721867255d7068487",
    "73d78723a0f009c89c6efd678bad69035943579694e9c28671a16bd0aef7a8f3",
    "7425b5537afb3708880549483f7f2a25f96978808065a5cfbfeaf00340f0f8df",
    "76fb08072b3163a253cf1824fb8329eb3426580ab5276d2b4721c76113879e88",
    "7816b1a586855264f5815bd2097e9c2a8385e5cc290868756f0c83a70f3aac26",
    "79350ae7fb274ad0f3622619f7127ede81f0878022b0a64ae22f1a26762ffcdb",
    "7e7233b44cae46d901604bf24c1086525ab52dccae7a4d889745f7da839b689d",
    "808f288a5aeed065ec7c33638b44cfb2959825ab8cfb0a26e9aae8a2ac90cd4c",
    "848ef1411942b09ae61e464a5272b8daec19b5de235964e23645b6a5649cdf6a",
    "86cc73ee497644c7c0e015718a6566fe92b9208d4ad75be39dc9cbc965a7b74f",
    "8805ac42922a2a8840732973406aa5bd97e157332ea04c85409d56616fa60a1e",
    "89bc2e785ccc7ae078078d5348ab8f27544a69e212db25f4d42746ba5869316f",
    "92f9b18f887bbff880de837bdff180b9b913320605b3f31bdf4d25e375e498c2",
    "950ac5f71c1ce6a93f151078c51f127654c18523257a2337472d8e99091fbc99",
    "a25c2f545f2e5cc7c01a5165aa5f585c052f49206760f0987e0f216a1ebe640d",
    "aa81eec3475bbc66af84f21e7feb37937179509293760f5a50fb4d8d7d74bba8",
    "af84324e03b8c7201249869b1f858958a8a5aa8964bc22cb44b562733f696b14",
    "bc6ae95bc75e76c6a9c4c0c19b460afc2102b8966a8d0ead9e43f1a1b1373357",
    "c96662a0f48d143d832258b19fe4c45934cb79fcb49d61d3473c8a75d6527ec0",
    "d03117428eff9ae9ba1e2e1cf93d8d167e94aaafb42ba30852dc9978ad19088c",
    "e97dc34ae8e957089e402b5c1c2ef90bc6b8fe113883c16371c91629c92ccbe8"
  ],
  "b_only_content_hashes": [
    "0512bef0e26c82d42bfa7f55a244655f0c104b1e778e934d433f76ecf975ebcb",
    "10c0c164d7fbea495489b8b7b9cd68fcedfc53eea88a9b4a28198f82d33b81ca",
    "14a15a71445183ec7736ad85090257c49f48585b83dd571b8f0afa8fdf106979",
    "1bb5b20e9d262470ddb31a5abd9814530df3e287833755ca8ac2865764469ab1",
    "1fd8960dfa3fc0e8396cdaddc76e51b5eb13351ed48cd3df97b9195efe0754b1",
    "2044f54bd163a254aead930f5662a8af297ff4a9f06b9c4f448ae0c4659b34b6",
    "2145258b7085107a5e061866d85c988ebffd091aa881996ae1d6c2ed2a49facc",
    "2c00288271c73ce7f6294bcd564a21ccaa628c233802a7e4505849ad7581f28b",
    "317133734b57f1224fe15178d87161e3607e9f08be924abbf61cc1a71760b31c",
    "3562e80d1bb2058fcf752c937ec4a50342f6f0a1ce487ffc2c52c2d1f11c4a4c",
    "360eef4717938b212cee43555db303cba95a99ae362e2a209799474922cb2b3c",
    "3818e39002233dd65727e4d92f9ea747c5aa8fa5766def0a509cabf5d26c7857",
    "40edfa8f4c8704d60792f3e6df1d76e17d1a774f26874978eb8000b45026fb06",
    "48400bbeaad8b9b0c6d2359f2a292dea7f986f995b1f3b795d18e4e7a225d520",
    "62a5e7e6530dd1d1111bd93cb4cf72b14678eb47586bbcf83ee24afb412d885a",
    "63cefd61460cdaf6a97b9f08835024710e06c9c84bf7cfdafa99a2383f519115",
    "66dbeb0cf389c1a140618d4ffc3c5fbc851e8902b5de2465456cff4bd6b75fa8",
    "701883f8afedfec45a288c6e6eb2426eba74044d4c7b84e5e947950f6da63d86",
    "74bda09a73719a60f4f752d93589327da044828f6e5402d0907d8b85386a3c7c",
    "75c7091a8d9a8747eb33b08662790f34a240568ce948384b638a99a17fbcd27c",
    "787036052401d38b0c9f146046b91360e0330b3b8733ef45f976e55faceb6d2c",
    "801da78a8bfe118acfbac5b02839a26a6abcac5039f07d762e94923e3948ccaf",
    "8162573f24661464d10d973120e4b521107cd0cc892a69a0fceb2e67d609bf33",
    "866c79eb373c90a843187b28c6e336b3b3054a44b2de8fb6fa473b214644fa8c",
    "a43ae62dcfa7b3a9d2ddab3a2dc3dd5449199a31fc14d9f69dc0169c48e7c461",
    "b5ae8103cd06850628e19cdeb5f565214bea9b60f1d38387e6adce4211effd7d",
    "b83f7b622f126fcf83bfb293be0e3a0ba863ab5cd33bcfd5072f98053789a0d9",
    "bfdcdcf851b0f7eb8da1e8207587ebdd03d13a26e9037db38630af2ecafc0450",
    "c33ee3974f6528d64915804e681648d634e97ffc7df5898a45c0a084b8ca439d",
    "ccd109e277d5f436ab7a2cfd8c955244bdc424bc72620df406a34ee31b792d44",
    "d8b582173ba64f17135ec79a5f7b360bdb0185ec88c4450d2320425a96143ad0",
    "e4683f0a5ecdfb9c2996f39d1eaec09a9fe412d198526078403900a876bcbb5a",
    "e6aeecceae4e0fd54bed693daa721d02ec58cfdbd6d3608c9da3b2e2768c5174",
    "e81a1c0e6138aeae2c7c47fceea735d517dd9662d4a157b259e1e9fa2646bd25",
    "ecc347485db5b789e7d8a747b4212e3096e7a4fc7d98493b1450ba6437ceed92",
    "efcadf0f8a6108cbcb6b34473e2693572f8a3f3d86d77f2271b40fc5e9570ee4",
    "f91224bfa57d9b136b5e3a5da662b2b717f49f3278daef0441360ef50240497f",
    "fb8496e24e52fca9c603bd403445a420aed4df592dafec75c040a9cefaef216d"
  ],
  "embedding_mismatches": [],
  "fully_identical": 417,
  "verdict": "DIVERGENT: content-text differs between runs — 39 a-only, 38 b-only content hashes. Anthropic extractor or normalization is non-deterministic. Embedding wobble is a downstream symptom."
}