{
  "overall": 0.34868421052631576,
  "by_category": {
    "multi-hop": 0.32432432432432434,
    "open-domain": 0.15384615384615385,
    "single-hop": 0.1875,
    "temporal": 0.4714285714285714
  },
  "n_queries": 152
}
