{
  "overall": 0.3618421052631579,
  "by_category": {
    "multi-hop": 0.43243243243243246,
    "open-domain": 0.15384615384615385,
    "single-hop": 0.1875,
    "temporal": 0.44285714285714284
  },
  "n_queries": 152
}
