{
  "overall": 0.47368421052631576,
  "by_category": {
    "multi-hop": 0.6216216216216216,
    "open-domain": 0.46153846153846156,
    "single-hop": 0.1875,
    "temporal": 0.5285714285714286
  },
  "n_queries": 152
}
