{
  "overall": 0.4605263157894737,
  "by_category": {
    "multi-hop": 0.5405405405405406,
    "open-domain": 0.5384615384615384,
    "single-hop": 0.21875,
    "temporal": 0.5142857142857142
  },
  "n_queries": 152
}
