{
  "overall": 0.21951219512195122,
  "by_category": {
    "multi-hop": 0.20833333333333334,
    "open-domain": 0.14285714285714285,
    "single-hop": 0.23333333333333334,
    "temporal": 0.22580645161290322
  },
  "n_queries": 123
}
