{
  "overall": 0.506578947368421,
  "by_category": {
    "multi-hop": 0.5945945945945946,
    "open-domain": 0.5384615384615384,
    "single-hop": 0.28125,
    "temporal": 0.5571428571428572
  },
  "n_queries": 152
}
