{
  "overall": 0.5131578947368421,
  "by_category": {
    "multi-hop": 0.5945945945945946,
    "open-domain": 0.5384615384615384,
    "single-hop": 0.1875,
    "temporal": 0.6142857142857143
  },
  "n_queries": 152
}
