{
  "overall": 0.46710526315789475,
  "by_category": {
    "multi-hop": 0.5405405405405406,
    "open-domain": 0.5384615384615384,
    "single-hop": 0.21875,
    "temporal": 0.5285714285714286
  },
  "n_queries": 152
}
