{
  "overall": 0.3157894736842105,
  "by_category": {
    "multi-hop": 0.35135135135135137,
    "open-domain": 0.23076923076923078,
    "single-hop": 0.21875,
    "temporal": 0.35714285714285715
  },
  "n_queries": 152
}
